port_call_id,imo,mmsi,port_id,port_name,vessel_class,dwt_mt,cargo_type,cargo_mt,arrival_utc,berthing_utc,departure_utc,waiting_time_hours,unloading_time_hours,turnaround_time_hours,schedule_eta_utc,delay_hours,data_status
PC-2026-0001,9000001,419000001,INHAL,Haldia,Handysize,38200,Bauxite,30000.0,2026-04-03T07:26:17Z,2026-04-03T19:45:29Z,2026-04-05T18:13:41Z,12.32,46.47,58.79,2026-04-03T11:06:32Z,-3.67,SYNTHETIC_HISTORICAL_PORT_CALL
PC-2026-0002,9000002,419000002,INVTZ,Visakhapatnam,Handysize,38200,Limestone,30300.0,2026-08-16T23:32:51Z,2026-08-17T00:44:51Z,2026-08-18T15:32:15Z,1.2,38.79,39.99,2026-08-16T19:09:05Z,4.4,SYNTHETIC_HISTORICAL_PORT_CALL
PC-2026-0003,9000003,419000003,INGPR,Gopalpur,Capesize,180000,Thermal Coal,175300.0,2026-06-03T20:01:35Z,2026-06-03T20:31:35Z,2026-06-12T21:14:11Z,0.5,216.71,217.21,2026-06-03T17:54:25Z,2.12,SYNTHETIC_HISTORICAL_PORT_CALL
PC-2026-0004,9000004,419000004,INGPR,Gopalpur,Handysize,38200,Thermal Coal,32600.0,2026-03-10T02:39:56Z,2026-03-10T06:05:08Z,2026-03-12T09:02:08Z,3.42,50.95,54.37,2026-03-09T15:35:25Z,11.08,SYNTHETIC_HISTORICAL_PORT_CALL
PC-2026-0005,9000005,419000005,INSAG,Sagar-Sandheads,Panamax,82500,Coking Coal,66400.0,2026-04-25T15:55:53Z,2026-04-25T19:58:17Z,2026-04-28T08:57:05Z,4.04,60.98,65.02,2026-04-25T17:09:27Z,-1.23,SYNTHETIC_HISTORICAL_PORT_CALL
PC-2026-0006,9000006,419000006,INPRD,Paradip,Handysize,38200,Coking Coal,30500.0,2026-06-28T07:05:46Z,2026-06-28T11:14:46Z,2026-06-29T18:08:46Z,4.15,30.9,35.05,2026-06-28T10:35:42Z,-3.5,SYNTHETIC_HISTORICAL_PORT_CALL
PC-2026-0007,9000007,419000007,INVTZ,Visakhapatnam,Panamax,82500,Limestone,79400.0,2026-08-17T05:38:07Z,2026-08-17T13:39:19Z,2026-08-22T06:15:55Z,8.02,112.61,120.63,2026-08-17T05:17:37Z,0.34,SYNTHETIC_HISTORICAL_PORT_CALL
PC-2026-0008,9000000,419000000,INDHM,Dhamra,Handysize,38200,Coking Coal,35700.0,2026-08-22T05:54:10Z,2026-08-22T06:34:58Z,2026-08-24T07:47:34Z,0.68,49.21,49.89,2026-08-21T18:06:45Z,11.79,SYNTHETIC_HISTORICAL_PORT_CALL
PC-2026-0009,9000001,419000001,INPRD,Paradip,Handysize,38200,Iron Ore,35400.0,2026-04-06T01:59:57Z,2026-04-06T11:47:21Z,2026-04-08T14:49:09Z,9.79,51.03,60.82,2026-04-05T16:11:22Z,9.81,SYNTHETIC_HISTORICAL_PORT_CALL
PC-2026-0010,9000002,419000002,INGPR,Gopalpur,Panamax,82500,Thermal Coal,74500.0,2026-03-13T08:34:19Z,2026-03-13T13:25:55Z,2026-03-16T09:09:07Z,4.86,67.72,72.58,2026-03-13T08:10:35Z,0.4,SYNTHETIC_HISTORICAL_PORT_CALL
PC-2026-0011,9000003,419000003,INGGV,Gangavaram,Capesize,180000,Iron Ore,164900.0,2026-03-23T01:38:49Z,2026-03-23T14:52:37Z,2026-03-31T23:43:37Z,13.23,200.85,214.08,2026-03-22T22:37:03Z,3.03,SYNTHETIC_HISTORICAL_PORT_CALL
PC-2026-0012,9000004,419000004,INGGV,Gangavaram,Supramax,58328,Thermal Coal,47100.0,2026-04-26T17:01:04Z,2026-04-27T03:44:16Z,2026-04-29T07:26:52Z,10.72,51.71,62.43,2026-04-26T08:55:44Z,8.09,SYNTHETIC_HISTORICAL_PORT_CALL
PC-2026-0013,9000005,419000005,INGPR,Gopalpur,Capesize,180000,Iron Ore,147200.0,2026-07-04T02:28:15Z,2026-07-04T07:57:03Z,2026-07-12T19:58:51Z,5.48,204.03,209.51,2026-07-03T23:48:24Z,2.66,SYNTHETIC_HISTORICAL_PORT_CALL
PC-2026-0014,9000006,419000006,INSAG,Sagar-Sandheads,Supramax,58328,Coking Coal,47400.0,2026-03-23T05:25:11Z,2026-03-24T11:19:11Z,2026-03-26T05:19:47Z,29.9,42.01,71.91,2026-03-23T09:24:41Z,-3.99,SYNTHETIC_HISTORICAL_PORT_CALL
PC-2026-0015,9000007,419000007,INDHM,Dhamra,Capesize,180000,Iron Ore,155100.0,2026-03-02T13:01:59Z,2026-03-02T19:27:11Z,2026-03-08T03:45:47Z,6.42,128.31,134.73,2026-03-02T14:20:25Z,-1.31,SYNTHETIC_HISTORICAL_PORT_CALL
PC-2026-0016,9000000,419000000,INPRD,Paradip,Handysize,38200,Thermal Coal,34800.0,2026-03-13T11:20:04Z,2026-03-13T13:27:52Z,2026-03-14T17:34:28Z,2.13,28.11,30.24,2026-03-13T12:57:54Z,-1.63,SYNTHETIC_HISTORICAL_PORT_CALL
PC-2026-0017,9000001,419000001,INPRD,Paradip,Supramax,58328,Thermal Coal,48400.0,2026-08-24T15:58:35Z,2026-08-24T16:28:35Z,2026-08-26T13:26:47Z,0.5,44.97,45.47,2026-08-24T12:48:43Z,3.16,SYNTHETIC_HISTORICAL_PORT_CALL
PC-2026-0018,9000002,419000002,INSAG,Sagar-Sandheads,Handysize,38200,Limestone,31900.0,2026-03-16T05:17:10Z,2026-03-16T18:57:58Z,2026-03-18T06:35:10Z,13.68,35.62,49.3,2026-03-15T23:08:59Z,6.14,SYNTHETIC_HISTORICAL_PORT_CALL
PC-2026-0019,9000003,419000003,INGGV,Gangavaram,Supramax,58328,Thermal Coal,55300.0,2026-03-28T08:05:59Z,2026-03-28T13:27:35Z,2026-03-31T07:17:23Z,5.36,65.83,71.19,2026-03-27T23:08:51Z,8.95,SYNTHETIC_HISTORICAL_PORT_CALL
PC-2026-0020,9000004,419000004,INGPR,Gopalpur,Handysize,38200,Limestone,36900.0,2026-08-17T14:03:37Z,2026-08-17T15:31:49Z,2026-08-19T16:34:13Z,1.47,49.04,50.51,2026-08-17T12:36:12Z,1.46,SYNTHETIC_HISTORICAL_PORT_CALL
PC-2026-0021,9000005,419000005,INPRD,Paradip,Panamax,82500,Fertilizer,77400.0,2026-07-04T11:47:18Z,2026-07-04T23:39:30Z,2026-07-07T19:59:54Z,11.87,68.34,80.21,2026-07-04T14:17:56Z,-2.51,SYNTHETIC_HISTORICAL_PORT_CALL
PC-2026-0022,9000006,419000006,INGPR,Gopalpur,Capesize,180000,Bauxite,149500.0,2026-08-07T18:59:20Z,2026-08-07T21:18:32Z,2026-08-13T01:24:32Z,2.32,124.1,126.42,2026-08-07T08:38:06Z,10.35,SYNTHETIC_HISTORICAL_PORT_CALL
PC-2026-0023,9000007,419000007,INSAG,Sagar-Sandheads,Handysize,38200,Thermal Coal,35600.0,2026-06-24T23:34:36Z,2026-06-26T04:22:36Z,2026-06-27T06:56:12Z,28.8,26.56,55.36,2026-06-24T12:32:04Z,11.04,SYNTHETIC_HISTORICAL_PORT_CALL
PC-2026-0024,9000000,419000000,INPRD,Paradip,Capesize,180000,Coking Coal,153600.0,2026-03-30T15:41:26Z,2026-03-31T01:00:02Z,2026-04-04T16:10:14Z,9.31,111.17,120.48,2026-03-30T16:52:33Z,-1.19,SYNTHETIC_HISTORICAL_PORT_CALL
PC-2026-0025,9000001,419000001,INGPR,Gopalpur,Capesize,180000,Fertilizer,165800.0,2026-04-29T08:43:36Z,2026-04-29T11:17:12Z,2026-05-05T05:47:48Z,2.56,138.51,141.07,2026-04-29T04:35:08Z,4.14,SYNTHETIC_HISTORICAL_PORT_CALL
PC-2026-0026,9000002,419000002,INSAG,Sagar-Sandheads,Supramax,58328,Fertilizer,50300.0,2026-04-14T03:02:06Z,2026-04-16T03:38:42Z,2026-04-17T12:26:06Z,48.61,32.79,81.4,2026-04-14T00:05:05Z,2.95,SYNTHETIC_HISTORICAL_PORT_CALL
PC-2026-0027,9000003,419000003,INDHM,Dhamra,Panamax,82500,Thermal Coal,75600.0,2026-06-12T20:13:29Z,2026-06-12T21:39:17Z,2026-06-16T15:47:41Z,1.43,90.14,91.57,2026-06-12T21:23:27Z,-1.17,SYNTHETIC_HISTORICAL_PORT_CALL
PC-2026-0028,9000004,419000004,INGPR,Gopalpur,Panamax,82500,Bauxite,62200.0,2026-04-20T12:42:02Z,2026-04-20T14:43:50Z,2026-04-22T12:47:26Z,2.03,46.06,48.09,2026-04-20T09:50:59Z,2.85,SYNTHETIC_HISTORICAL_PORT_CALL
PC-2026-0029,9000005,419000005,INDHM,Dhamra,Supramax,58328,Iron Ore,48900.0,2026-08-25T06:01:56Z,2026-08-25T07:54:44Z,2026-08-26T19:46:56Z,1.88,35.87,37.75,2026-08-25T01:07:25Z,4.91,SYNTHETIC_HISTORICAL_PORT_CALL
PC-2026-0030,9000006,419000006,INHAL,Haldia,Panamax,82500,Coking Coal,73500.0,2026-08-15T22:40:21Z,2026-08-16T00:41:33Z,2026-08-18T03:50:33Z,2.02,51.15,53.17,2026-08-16T00:25:52Z,-1.76,SYNTHETIC_HISTORICAL_PORT_CALL
PC-2026-0031,9000007,419000007,INGGV,Gangavaram,Panamax,82500,Coking Coal,75200.0,2026-04-28T08:25:09Z,2026-04-28T14:59:21Z,2026-05-02T05:02:21Z,6.57,86.05,92.62,2026-04-27T23:27:26Z,8.96,SYNTHETIC_HISTORICAL_PORT_CALL
PC-2026-0032,9000000,419000000,INPRD,Paradip,Handysize,38200,Bauxite,35700.0,2026-03-15T22:29:12Z,2026-03-16T03:42:24Z,2026-03-17T10:29:48Z,5.22,30.79,36.01,2026-03-15T15:15:19Z,7.23,SYNTHETIC_HISTORICAL_PORT_CALL
PC-2026-0033,9000001,419000001,INSAG,Sagar-Sandheads,Handysize,38200,Iron Ore,33700.0,2026-04-30T21:08:20Z,2026-04-30T22:10:44Z,2026-05-03T10:34:44Z,1.04,60.4,61.44,2026-04-30T20:33:15Z,0.58,SYNTHETIC_HISTORICAL_PORT_CALL
PC-2026-0034,9000002,419000002,INVTZ,Visakhapatnam,Panamax,82500,Fertilizer,68700.0,2026-04-15T10:05:09Z,2026-04-16T01:18:21Z,2026-04-19T19:41:45Z,15.22,90.39,105.61,2026-04-15T05:43:47Z,4.36,SYNTHETIC_HISTORICAL_PORT_CALL
PC-2026-0035,9000003,419000003,INDHM,Dhamra,Handysize,38200,Limestone,29100.0,2026-08-21T23:53:16Z,2026-08-22T00:23:16Z,2026-08-23T12:04:04Z,0.5,35.68,36.18,2026-08-21T16:16:13Z,7.62,SYNTHETIC_HISTORICAL_PORT_CALL
PC-2026-0036,9000004,419000004,INDHM,Dhamra,Panamax,82500,Limestone,67000.0,2026-07-08T09:03:03Z,2026-07-08T19:31:15Z,2026-07-11T19:02:27Z,10.47,71.52,81.99,2026-07-08T11:47:43Z,-2.74,SYNTHETIC_HISTORICAL_PORT_CALL
PC-2026-0037,9000005,419000005,INDHM,Dhamra,Panamax,82500,Bauxite,63000.0,2026-03-15T21:22:16Z,2026-03-16T05:04:16Z,2026-03-17T23:49:16Z,7.7,42.75,50.45,2026-03-15T23:52:09Z,-2.5,SYNTHETIC_HISTORICAL_PORT_CALL
PC-2026-0038,9000006,419000006,INPRD,Paradip,Handysize,38200,Bauxite,34400.0,2026-04-21T00:18:51Z,2026-04-21T05:45:51Z,2026-04-22T17:33:15Z,5.45,35.79,41.24,2026-04-20T16:38:01Z,7.68,SYNTHETIC_HISTORICAL_PORT_CALL
PC-2026-0039,9000007,419000007,INGGV,Gangavaram,Handysize,38200,Coking Coal,31700.0,2026-05-04T05:48:07Z,2026-05-04T06:18:07Z,2026-05-06T04:39:07Z,0.5,46.35,46.85,2026-05-03T18:07:47Z,11.67,SYNTHETIC_HISTORICAL_PORT_CALL
PC-2026-0040,9000000,419000000,INDHM,Dhamra,Handysize,38200,Coking Coal,30200.0,2026-07-17T05:44:03Z,2026-07-17T08:37:27Z,2026-07-18T15:25:27Z,2.89,30.8,33.69,2026-07-17T03:21:29Z,2.38,SYNTHETIC_HISTORICAL_PORT_CALL
PC-2026-0041,9000001,419000001,INVTZ,Visakhapatnam,Panamax,82500,Bauxite,73800.0,2026-08-08T09:27:33Z,2026-08-08T13:35:21Z,2026-08-11T15:28:45Z,4.13,73.89,78.02,2026-08-08T10:51:08Z,-1.39,SYNTHETIC_HISTORICAL_PORT_CALL
PC-2026-0042,9000002,419000002,INHAL,Haldia,Panamax,82500,Thermal Coal,69200.0,2026-08-04T21:17:57Z,2026-08-05T14:15:33Z,2026-08-08T06:35:21Z,16.96,64.33,81.29,2026-08-04T17:58:02Z,3.33,SYNTHETIC_HISTORICAL_PORT_CALL
PC-2026-0043,9000003,419000003,INGGV,Gangavaram,Supramax,58328,Bauxite,55900.0,2026-06-21T16:03:33Z,2026-06-22T06:40:45Z,2026-06-25T06:08:57Z,14.62,71.47,86.09,2026-06-21T14:57:20Z,1.1,SYNTHETIC_HISTORICAL_PORT_CALL
PC-2026-0044,9000004,419000004,INVTZ,Visakhapatnam,Panamax,82500,Coking Coal,64100.0,2026-05-02T01:29:53Z,2026-05-02T04:24:29Z,2026-05-04T12:11:53Z,2.91,55.79,58.7,2026-05-01T19:26:06Z,6.06,SYNTHETIC_HISTORICAL_PORT_CALL
PC-2026-0045,9000005,419000005,INDHM,Dhamra,Handysize,38200,Limestone,35200.0,2026-05-15T08:31:36Z,2026-05-15T09:24:24Z,2026-05-16T14:28:36Z,0.88,29.07,29.95,2026-05-15T06:34:28Z,1.95,SYNTHETIC_HISTORICAL_PORT_CALL
PC-2026-0046,9000006,419000006,INHAL,Haldia,Handysize,38200,Fertilizer,35200.0,2026-06-10T14:15:50Z,2026-06-10T21:49:26Z,2026-06-12T04:15:14Z,7.56,30.43,37.99,2026-06-10T16:36:50Z,-2.35,SYNTHETIC_HISTORICAL_PORT_CALL
PC-2026-0047,9000007,419000007,INPRD,Paradip,Capesize,180000,Fertilizer,139100.0,2026-05-30T06:08:39Z,2026-05-30T11:05:39Z,2026-06-08T06:00:51Z,4.95,210.92,215.87,2026-05-29T23:18:57Z,6.83,SYNTHETIC_HISTORICAL_PORT_CALL
PC-2026-0048,9000000,419000000,INGPR,Gopalpur,Supramax,58328,Coking Coal,51800.0,2026-06-23T13:32:12Z,2026-06-23T14:02:12Z,2026-06-25T15:20:48Z,0.5,49.31,49.81,2026-06-23T14:07:59Z,-0.6,SYNTHETIC_HISTORICAL_PORT_CALL
PC-2026-0049,9000001,419000001,INDHM,Dhamra,Supramax,58328,Thermal Coal,44500.0,2026-03-22T06:10:01Z,2026-03-22T09:50:49Z,2026-03-24T07:52:01Z,3.68,46.02,49.7,2026-03-22T04:33:08Z,1.61,SYNTHETIC_HISTORICAL_PORT_CALL
PC-2026-0050,9000002,419000002,INVTZ,Visakhapatnam,Supramax,58328,Limestone,55000.0,2026-07-03T07:17:22Z,2026-07-03T21:48:34Z,2026-07-06T07:29:22Z,14.52,57.68,72.2,2026-07-03T07:43:42Z,-0.44,SYNTHETIC_HISTORICAL_PORT_CALL
PC-2026-0051,9000003,419000003,INPRD,Paradip,Panamax,82500,Iron Ore,66300.0,2026-07-06T06:57:59Z,2026-07-06T14:53:11Z,2026-07-09T05:30:59Z,7.92,62.63,70.55,2026-07-06T01:29:46Z,5.47,SYNTHETIC_HISTORICAL_PORT_CALL
PC-2026-0052,9000004,419000004,INGPR,Gopalpur,Panamax,82500,Limestone,69900.0,2026-03-16T11:43:23Z,2026-03-16T15:19:23Z,2026-03-18T19:24:11Z,3.6,52.08,55.68,2026-03-16T13:56:38Z,-2.22,SYNTHETIC_HISTORICAL_PORT_CALL
PC-2026-0053,9000005,419000005,INGGV,Gangavaram,Capesize,180000,Bauxite,139900.0,2026-05-13T17:28:22Z,2026-05-13T18:21:46Z,2026-05-18T21:54:10Z,0.89,123.54,124.43,2026-05-13T06:04:41Z,11.39,SYNTHETIC_HISTORICAL_PORT_CALL
PC-2026-0054,9000006,419000006,INHAL,Haldia,Handysize,38200,Thermal Coal,37100.0,2026-03-15T22:05:25Z,2026-03-16T01:30:37Z,2026-03-18T18:31:13Z,3.42,65.01,68.43,2026-03-15T10:34:20Z,11.52,SYNTHETIC_HISTORICAL_PORT_CALL
PC-2026-0055,9000007,419000007,INDHM,Dhamra,Supramax,58328,Bauxite,44700.0,2026-03-09T15:29:28Z,2026-03-10T18:15:40Z,2026-03-12T13:28:16Z,26.77,43.21,69.98,2026-03-09T09:25:15Z,6.07,SYNTHETIC_HISTORICAL_PORT_CALL
PC-2026-0056,9000000,419000000,INSAG,Sagar-Sandheads,Supramax,58328,Thermal Coal,53600.0,2026-06-22T20:03:03Z,2026-06-23T02:09:39Z,2026-06-24T20:16:51Z,6.11,42.12,48.23,2026-06-22T08:42:42Z,11.34,SYNTHETIC_HISTORICAL_PORT_CALL
PC-2026-0057,9000001,419000001,INSAG,Sagar-Sandheads,Handysize,38200,Limestone,31800.0,2026-04-30T13:03:05Z,2026-04-30T19:35:29Z,2026-05-01T20:27:41Z,6.54,24.87,31.41,2026-04-30T04:01:50Z,9.02,SYNTHETIC_HISTORICAL_PORT_CALL
PC-2026-0058,9000002,419000002,INGPR,Gopalpur,Handysize,38200,Bauxite,37000.0,2026-03-25T01:21:35Z,2026-03-25T06:32:59Z,2026-03-26T15:43:11Z,5.19,33.17,38.36,2026-03-24T19:32:42Z,5.81,SYNTHETIC_HISTORICAL_PORT_CALL
PC-2026-0059,9000003,419000003,INVTZ,Visakhapatnam,Panamax,82500,Fertilizer,69700.0,2026-08-04T09:23:45Z,2026-08-04T10:59:09Z,2026-08-06T20:45:21Z,1.59,57.77,59.36,2026-08-04T07:22:05Z,2.03,SYNTHETIC_HISTORICAL_PORT_CALL
PC-2026-0060,9000004,419000004,INVTZ,Visakhapatnam,Supramax,58328,Thermal Coal,50000.0,2026-08-23T06:01:48Z,2026-08-23T19:09:00Z,2026-08-26T00:37:12Z,13.12,53.47,66.59,2026-08-23T05:39:20Z,0.37,SYNTHETIC_HISTORICAL_PORT_CALL
PC-2026-0061,9000005,419000005,INHAL,Haldia,Panamax,82500,Limestone,72400.0,2026-07-25T11:43:56Z,2026-07-30T04:29:32Z,2026-08-01T14:45:08Z,112.76,58.26,171.02,2026-07-25T13:39:56Z,-1.93,SYNTHETIC_HISTORICAL_PORT_CALL
PC-2026-0062,9000006,419000006,INGGV,Gangavaram,Capesize,180000,Bauxite,160600.0,2026-04-07T07:13:24Z,2026-04-07T15:01:24Z,2026-04-14T18:08:00Z,7.8,171.11,178.91,2026-04-07T09:24:23Z,-2.18,SYNTHETIC_HISTORICAL_PORT_CALL
PC-2026-0063,9000007,419000007,INVTZ,Visakhapatnam,Panamax,82500,Coking Coal,78000.0,2026-05-25T19:13:48Z,2026-05-26T01:41:24Z,2026-05-29T06:39:36Z,6.46,76.97,83.43,2026-05-25T16:46:28Z,2.46,SYNTHETIC_HISTORICAL_PORT_CALL
PC-2026-0064,9000000,419000000,INHAL,Haldia,Supramax,58328,Bauxite,55900.0,2026-06-20T16:44:14Z,2026-06-21T19:13:38Z,2026-06-23T22:47:14Z,26.49,51.56,78.05,2026-06-20T05:02:59Z,11.69,SYNTHETIC_HISTORICAL_PORT_CALL
PC-2026-0065,9000001,419000001,INVTZ,Visakhapatnam,Panamax,82500,Coking Coal,68500.0,2026-05-11T08:29:39Z,2026-05-12T05:08:03Z,2026-05-14T22:42:15Z,20.64,65.57,86.21,2026-05-11T02:32:27Z,5.95,SYNTHETIC_HISTORICAL_PORT_CALL
PC-2026-0066,9000002,419000002,INGGV,Gangavaram,Capesize,180000,Bauxite,155400.0,2026-07-22T17:45:29Z,2026-07-23T12:02:17Z,2026-07-31T10:59:53Z,18.28,190.96,209.24,2026-07-22T14:24:42Z,3.35,SYNTHETIC_HISTORICAL_PORT_CALL
PC-2026-0067,9000003,419000003,INVTZ,Visakhapatnam,Panamax,82500,Bauxite,68400.0,2026-05-02T22:49:33Z,2026-05-03T06:27:21Z,2026-05-06T07:14:45Z,7.63,72.79,80.42,2026-05-02T20:25:16Z,2.4,SYNTHETIC_HISTORICAL_PORT_CALL
PC-2026-0068,9000004,419000004,INGPR,Gopalpur,Handysize,38200,Limestone,33200.0,2026-05-02T07:16:57Z,2026-05-02T13:30:09Z,2026-05-03T11:19:21Z,6.22,21.82,28.04,2026-05-02T01:39:06Z,5.63,SYNTHETIC_HISTORICAL_PORT_CALL
PC-2026-0069,9000005,419000005,INGGV,Gangavaram,Supramax,58328,Bauxite,44900.0,2026-03-31T18:47:58Z,2026-03-31T19:40:46Z,2026-04-03T07:15:34Z,0.88,59.58,60.46,2026-03-31T16:58:16Z,1.83,SYNTHETIC_HISTORICAL_PORT_CALL
PC-2026-0070,9000006,419000006,INSAG,Sagar-Sandheads,Panamax,82500,Bauxite,63400.0,2026-04-28T11:14:15Z,2026-04-29T02:27:27Z,2026-05-01T02:44:15Z,15.22,48.28,63.5,2026-04-28T00:30:12Z,10.73,SYNTHETIC_HISTORICAL_PORT_CALL
PC-2026-0071,9000007,419000007,INDHM,Dhamra,Capesize,180000,Coking Coal,142600.0,2026-08-04T14:03:38Z,2026-08-05T01:39:02Z,2026-08-12T13:12:02Z,11.59,179.55,191.14,2026-08-04T08:10:07Z,5.89,SYNTHETIC_HISTORICAL_PORT_CALL
PC-2026-0072,9000000,419000000,INHAL,Haldia,Panamax,82500,Coking Coal,64400.0,2026-07-14T02:04:28Z,2026-07-14T05:14:40Z,2026-07-16T06:06:52Z,3.17,48.87,52.04,2026-07-13T16:33:48Z,9.51,SYNTHETIC_HISTORICAL_PORT_CALL
PC-2026-0073,9000001,419000001,INGGV,Gangavaram,Supramax,58328,Limestone,47000.0,2026-03-20T11:58:59Z,2026-03-20T15:24:11Z,2026-03-23T00:10:23Z,3.42,56.77,60.19,2026-03-20T10:49:47Z,1.15,SYNTHETIC_HISTORICAL_PORT_CALL
PC-2026-0074,9000002,419000002,INHAL,Haldia,Panamax,82500,Coking Coal,70900.0,2026-06-06T00:38:58Z,2026-06-06T08:58:10Z,2026-06-09T15:48:34Z,8.32,78.84,87.16,2026-06-05T18:16:06Z,6.38,SYNTHETIC_HISTORICAL_PORT_CALL
PC-2026-0075,9000003,419000003,INVTZ,Visakhapatnam,Supramax,58328,Limestone,51600.0,2026-06-05T17:18:00Z,2026-06-05T23:10:12Z,2026-06-07T19:42:36Z,5.87,44.54,50.41,2026-06-05T06:54:21Z,10.39,SYNTHETIC_HISTORICAL_PORT_CALL
PC-2026-0076,9000004,419000004,INVTZ,Visakhapatnam,Supramax,58328,Iron Ore,43800.0,2026-08-25T17:44:45Z,2026-08-26T13:17:09Z,2026-08-28T17:45:57Z,19.54,52.48,72.02,2026-08-25T15:54:00Z,1.85,SYNTHETIC_HISTORICAL_PORT_CALL
PC-2026-0077,9000005,419000005,INGPR,Gopalpur,Panamax,82500,Iron Ore,62900.0,2026-03-17T17:40:28Z,2026-03-18T01:48:16Z,2026-03-22T06:34:28Z,8.13,100.77,108.9,2026-03-17T06:59:46Z,10.68,SYNTHETIC_HISTORICAL_PORT_CALL
PC-2026-0078,9000006,419000006,INHAL,Haldia,Panamax,82500,Fertilizer,79500.0,2026-04-16T15:08:24Z,2026-04-17T13:00:36Z,2026-04-20T18:44:24Z,21.87,77.73,99.6,2026-04-16T09:59:39Z,5.15,SYNTHETIC_HISTORICAL_PORT_CALL
PC-2026-0079,9000007,419000007,INGGV,Gangavaram,Capesize,180000,Limestone,143300.0,2026-04-07T18:56:06Z,2026-04-08T03:37:30Z,2026-04-13T06:51:54Z,8.69,123.24,131.93,2026-04-07T10:39:02Z,8.28,SYNTHETIC_HISTORICAL_PORT_CALL
PC-2026-0080,9000000,419000000,INSAG,Sagar-Sandheads,Capesize,180000,Fertilizer,159600.0,2026-03-28T21:50:48Z,2026-03-29T05:25:36Z,2026-04-05T11:20:48Z,7.58,173.92,181.5,2026-03-28T18:34:43Z,3.27,SYNTHETIC_HISTORICAL_PORT_CALL
PC-2026-0081,9000001,419000001,INDHM,Dhamra,Supramax,58328,Coking Coal,44900.0,2026-08-26T16:37:41Z,2026-08-26T22:51:29Z,2026-08-29T20:38:53Z,6.23,69.79,76.02,2026-08-26T07:55:10Z,8.71,SYNTHETIC_HISTORICAL_PORT_CALL
PC-2026-0082,9000002,419000002,INHAL,Haldia,Capesize,180000,Bauxite,173600.0,2026-07-28T23:16:33Z,2026-07-29T12:30:21Z,2026-08-03T12:21:21Z,13.23,119.85,133.08,2026-07-28T23:59:44Z,-0.72,SYNTHETIC_HISTORICAL_PORT_CALL
PC-2026-0083,9000003,419000003,INGGV,Gangavaram,Supramax,58328,Thermal Coal,54200.0,2026-07-13T06:38:28Z,2026-07-13T07:08:28Z,2026-07-15T04:39:04Z,0.5,45.51,46.01,2026-07-12T21:26:20Z,9.2,SYNTHETIC_HISTORICAL_PORT_CALL
PC-2026-0084,9000004,419000004,INDHM,Dhamra,Capesize,180000,Iron Ore,159400.0,2026-06-28T20:39:07Z,2026-06-28T23:50:31Z,2026-07-04T17:14:31Z,3.19,137.4,140.59,2026-06-28T17:25:14Z,3.23,SYNTHETIC_HISTORICAL_PORT_CALL
PC-2026-0085,9000005,419000005,INSAG,Sagar-Sandheads,Handysize,38200,Iron Ore,33100.0,2026-06-21T08:07:07Z,2026-06-21T22:34:43Z,2026-06-23T16:17:55Z,14.46,41.72,56.18,2026-06-21T03:25:18Z,4.7,SYNTHETIC_HISTORICAL_PORT_CALL
PC-2026-0086,9000006,419000006,INGGV,Gangavaram,Supramax,58328,Iron Ore,48200.0,2026-05-17T18:12:05Z,2026-05-17T22:39:05Z,2026-05-20T20:09:41Z,4.45,69.51,73.96,2026-05-17T09:29:49Z,8.7,SYNTHETIC_HISTORICAL_PORT_CALL
PC-2026-0087,9000007,419000007,INDHM,Dhamra,Capesize,180000,Limestone,166100.0,2026-07-12T14:06:40Z,2026-07-14T17:06:40Z,2026-07-20T10:25:16Z,51.0,137.31,188.31,2026-07-12T14:50:18Z,-0.73,SYNTHETIC_HISTORICAL_PORT_CALL
PC-2026-0088,9000000,419000000,INVTZ,Visakhapatnam,Panamax,82500,Bauxite,72100.0,2026-08-05T19:37:39Z,2026-08-05T20:35:15Z,2026-08-09T04:23:51Z,0.96,79.81,80.77,2026-08-05T16:18:55Z,3.31,SYNTHETIC_HISTORICAL_PORT_CALL
PC-2026-0089,9000001,419000001,INGPR,Gopalpur,Handysize,38200,Bauxite,35400.0,2026-06-06T18:11:52Z,2026-06-06T19:46:40Z,2026-06-09T09:29:52Z,1.58,61.72,63.3,2026-06-06T10:44:20Z,7.46,SYNTHETIC_HISTORICAL_PORT_CALL
PC-2026-0090,9000002,419000002,INGGV,Gangavaram,Capesize,180000,Limestone,144400.0,2026-04-03T01:30:07Z,2026-04-03T04:26:31Z,2026-04-09T16:05:31Z,2.94,155.65,158.59,2026-04-03T00:53:42Z,0.61,SYNTHETIC_HISTORICAL_PORT_CALL
PC-2026-0091,9000003,419000003,INGGV,Gangavaram,Handysize,38200,Coking Coal,28800.0,2026-06-15T05:30:46Z,2026-06-15T09:03:46Z,2026-06-16T08:41:34Z,3.55,23.63,27.18,2026-06-14T22:21:59Z,7.15,SYNTHETIC_HISTORICAL_PORT_CALL
PC-2026-0092,9000004,419000004,INDHM,Dhamra,Handysize,38200,Coking Coal,35100.0,2026-07-18T03:47:08Z,2026-07-18T06:15:56Z,2026-07-19T11:26:44Z,2.48,29.18,31.66,2026-07-17T16:58:35Z,10.81,SYNTHETIC_HISTORICAL_PORT_CALL
PC-2026-0093,9000005,419000005,INHAL,Haldia,Capesize,180000,Fertilizer,169700.0,2026-04-13T00:06:50Z,2026-04-13T05:18:50Z,2026-04-21T00:20:02Z,5.2,187.02,192.22,2026-04-12T18:23:15Z,5.73,SYNTHETIC_HISTORICAL_PORT_CALL
PC-2026-0094,9000006,419000006,INHAL,Haldia,Capesize,180000,Bauxite,160000.0,2026-05-01T03:03:07Z,2026-05-02T18:06:43Z,2026-05-12T00:04:55Z,39.06,221.97,261.03,2026-05-01T00:25:12Z,2.63,SYNTHETIC_HISTORICAL_PORT_CALL
PC-2026-0095,9000007,419000007,INVTZ,Visakhapatnam,Supramax,58328,Fertilizer,56100.0,2026-05-03T01:12:52Z,2026-05-03T05:56:04Z,2026-05-05T11:41:40Z,4.72,53.76,58.48,2026-05-03T02:33:59Z,-1.35,SYNTHETIC_HISTORICAL_PORT_CALL
PC-2026-0096,9000000,419000000,INDHM,Dhamra,Handysize,38200,Thermal Coal,28800.0,2026-05-05T15:32:29Z,2026-05-05T20:02:29Z,2026-05-06T17:54:05Z,4.5,21.86,26.36,2026-05-05T16:41:35Z,-1.15,SYNTHETIC_HISTORICAL_PORT_CALL
PC-2026-0097,9000001,419000001,INGPR,Gopalpur,Capesize,180000,Thermal Coal,176300.0,2026-06-10T04:33:33Z,2026-06-10T05:03:33Z,2026-06-17T05:58:45Z,0.5,168.92,169.42,2026-06-09T20:33:35Z,8.0,SYNTHETIC_HISTORICAL_PORT_CALL
PC-2026-0098,9000002,419000002,INGGV,Gangavaram,Handysize,38200,Iron Ore,32800.0,2026-05-03T13:21:06Z,2026-05-03T13:51:06Z,2026-05-04T22:13:54Z,0.5,32.38,32.88,2026-05-03T16:18:01Z,-2.95,SYNTHETIC_HISTORICAL_PORT_CALL
PC-2026-0099,9000003,419000003,INSAG,Sagar-Sandheads,Supramax,58328,Coking Coal,51300.0,2026-06-04T01:21:57Z,2026-06-04T07:48:57Z,2026-06-07T06:41:09Z,6.45,70.87,77.32,2026-06-03T14:13:41Z,11.14,SYNTHETIC_HISTORICAL_PORT_CALL
PC-2026-0100,9000004,419000004,INVTZ,Visakhapatnam,Panamax,82500,Iron Ore,64800.0,2026-06-24T22:04:40Z,2026-06-24T22:34:40Z,2026-06-27T04:51:28Z,0.5,54.28,54.78,2026-06-24T15:32:06Z,6.54,SYNTHETIC_HISTORICAL_PORT_CALL
PC-2026-0101,9000005,419000005,INPRD,Paradip,Capesize,180000,Iron Ore,168100.0,2026-04-11T21:14:35Z,2026-04-11T22:46:59Z,2026-04-20T22:21:47Z,1.54,215.58,217.12,2026-04-11T23:39:07Z,-2.41,SYNTHETIC_HISTORICAL_PORT_CALL
PC-2026-0102,9000006,419000006,INSAG,Sagar-Sandheads,Handysize,38200,Fertilizer,29900.0,2026-07-28T13:32:59Z,2026-07-29T19:53:23Z,2026-07-31T07:03:35Z,30.34,35.17,65.51,2026-07-28T12:21:57Z,1.18,SYNTHETIC_HISTORICAL_PORT_CALL
PC-2026-0103,9000007,419000007,INVTZ,Visakhapatnam,Supramax,58328,Coking Coal,45400.0,2026-03-17T07:23:48Z,2026-03-17T20:58:00Z,2026-03-19T12:34:00Z,13.57,39.6,53.17,2026-03-16T20:49:36Z,10.57,SYNTHETIC_HISTORICAL_PORT_CALL
PC-2026-0104,9000000,419000000,INDHM,Dhamra,Handysize,38200,Iron Ore,29000.0,2026-04-16T17:42:33Z,2026-04-16T19:44:21Z,2026-04-17T22:37:45Z,2.03,26.89,28.92,2026-04-16T16:11:10Z,1.52,SYNTHETIC_HISTORICAL_PORT_CALL
PC-2026-0105,9000001,419000001,INSAG,Sagar-Sandheads,Capesize,180000,Coking Coal,166600.0,2026-08-03T01:48:49Z,2026-08-05T11:56:01Z,2026-08-14T22:25:25Z,58.12,226.49,284.61,2026-08-02T15:30:03Z,10.31,SYNTHETIC_HISTORICAL_PORT_CALL
PC-2026-0106,9000002,419000002,INPRD,Paradip,Panamax,82500,Iron Ore,73900.0,2026-06-01T13:49:01Z,2026-06-01T22:23:49Z,2026-06-05T19:41:49Z,8.58,93.3,101.88,2026-06-01T15:35:14Z,-1.77,SYNTHETIC_HISTORICAL_PORT_CALL
PC-2026-0107,9000003,419000003,INGGV,Gangavaram,Panamax,82500,Limestone,74800.0,2026-03-25T07:25:59Z,2026-03-25T13:53:35Z,2026-03-28T05:00:47Z,6.46,63.12,69.58,2026-03-25T03:27:49Z,3.97,SYNTHETIC_HISTORICAL_PORT_CALL
PC-2026-0108,9000004,419000004,INVTZ,Visakhapatnam,Capesize,180000,Bauxite,135500.0,2026-06-26T17:08:09Z,2026-06-26T19:43:33Z,2026-07-04T13:26:45Z,2.59,185.72,188.31,2026-06-26T06:44:08Z,10.4,SYNTHETIC_HISTORICAL_PORT_CALL
PC-2026-0109,9000005,419000005,INSAG,Sagar-Sandheads,Supramax,58328,Coking Coal,56000.0,2026-06-17T22:13:58Z,2026-06-18T00:39:46Z,2026-06-20T13:18:46Z,2.43,60.65,63.08,2026-06-18T01:28:52Z,-3.25,SYNTHETIC_HISTORICAL_PORT_CALL
PC-2026-0110,9000006,419000006,INGPR,Gopalpur,Panamax,82500,Iron Ore,66500.0,2026-04-04T00:28:56Z,2026-04-04T04:33:08Z,2026-04-06T21:28:56Z,4.07,64.93,69.0,2026-04-03T23:51:47Z,0.62,SYNTHETIC_HISTORICAL_PORT_CALL
PC-2026-0111,9000007,419000007,INGPR,Gopalpur,Capesize,180000,Iron Ore,151400.0,2026-04-23T13:33:56Z,2026-04-24T06:15:56Z,2026-04-28T18:43:32Z,16.7,108.46,125.16,2026-04-23T13:14:50Z,0.32,SYNTHETIC_HISTORICAL_PORT_CALL
PC-2026-0112,9000000,419000000,INHAL,Haldia,Handysize,38200,Iron Ore,37000.0,2026-06-16T12:44:11Z,2026-06-17T14:01:35Z,2026-06-19T13:44:47Z,25.29,47.72,73.01,2026-06-16T06:45:48Z,5.97,SYNTHETIC_HISTORICAL_PORT_CALL
PC-2026-0113,9000001,419000001,INVTZ,Visakhapatnam,Capesize,180000,Thermal Coal,164200.0,2026-03-15T04:35:42Z,2026-03-15T10:33:18Z,2026-03-21T12:18:18Z,5.96,145.75,151.71,2026-03-15T07:21:03Z,-2.76,SYNTHETIC_HISTORICAL_PORT_CALL
PC-2026-0114,9000002,419000002,INGPR,Gopalpur,Handysize,38200,Iron Ore,31400.0,2026-04-19T00:40:01Z,2026-04-19T01:10:01Z,2026-04-20T03:08:13Z,0.5,25.97,26.47,2026-04-18T13:16:24Z,11.39,SYNTHETIC_HISTORICAL_PORT_CALL
PC-2026-0115,9000003,419000003,INPRD,Paradip,Panamax,82500,Thermal Coal,80100.0,2026-05-20T20:44:41Z,2026-05-20T21:44:41Z,2026-05-23T19:19:29Z,1.0,69.58,70.58,2026-05-20T13:09:33Z,7.59,SYNTHETIC_HISTORICAL_PORT_CALL
PC-2026-0116,9000004,419000004,INSAG,Sagar-Sandheads,Handysize,38200,Thermal Coal,37300.0,2026-08-11T01:31:54Z,2026-08-11T04:09:42Z,2026-08-12T10:39:06Z,2.63,30.49,33.12,2026-08-11T04:54:03Z,-3.37,SYNTHETIC_HISTORICAL_PORT_CALL
PC-2026-0117,9000005,419000005,INVTZ,Visakhapatnam,Handysize,38200,Thermal Coal,31400.0,2026-04-03T08:05:07Z,2026-04-03T11:56:07Z,2026-04-05T06:45:55Z,3.85,42.83,46.68,2026-04-03T10:14:27Z,-2.16,SYNTHETIC_HISTORICAL_PORT_CALL
PC-2026-0118,9000006,419000006,INGGV,Gangavaram,Supramax,58328,Bauxite,48000.0,2026-05-26T03:36:19Z,2026-05-26T11:59:07Z,2026-05-28T04:18:55Z,8.38,40.33,48.71,2026-05-26T07:00:47Z,-3.41,SYNTHETIC_HISTORICAL_PORT_CALL
PC-2026-0119,9000007,419000007,INHAL,Haldia,Handysize,38200,Iron Ore,34800.0,2026-06-10T10:07:31Z,2026-06-10T11:12:19Z,2026-06-12T02:44:07Z,1.08,39.53,40.61,2026-06-10T09:04:50Z,1.04,SYNTHETIC_HISTORICAL_PORT_CALL
PC-2026-0120,9000000,419000000,INPRD,Paradip,Handysize,38200,Bauxite,36400.0,2026-06-28T14:21:01Z,2026-06-28T21:43:13Z,2026-06-30T08:06:01Z,7.37,34.38,41.75,2026-06-28T14:37:22Z,-0.27,SYNTHETIC_HISTORICAL_PORT_CALL
PC-2026-0121,9000001,419000001,INHAL,Haldia,Supramax,58328,Coking Coal,48900.0,2026-08-27T04:16:28Z,2026-08-27T07:35:40Z,2026-08-28T20:23:40Z,3.32,36.8,40.12,2026-08-26T22:58:56Z,5.29,SYNTHETIC_HISTORICAL_PORT_CALL
PC-2026-0122,9000002,419000002,INGPR,Gopalpur,Supramax,58328,Thermal Coal,53600.0,2026-07-17T12:56:28Z,2026-07-17T15:36:04Z,2026-07-21T05:18:40Z,2.66,85.71,88.37,2026-07-17T09:27:51Z,3.48,SYNTHETIC_HISTORICAL_PORT_CALL
PC-2026-0123,9000003,419000003,INSAG,Sagar-Sandheads,Panamax,82500,Limestone,62200.0,2026-07-07T23:11:25Z,2026-07-07T23:51:01Z,2026-07-09T15:00:01Z,0.66,39.15,39.81,2026-07-07T16:18:57Z,6.87,SYNTHETIC_HISTORICAL_PORT_CALL
PC-2026-0124,9000004,419000004,INGPR,Gopalpur,Supramax,58328,Coking Coal,49300.0,2026-07-22T19:18:49Z,2026-07-22T19:48:49Z,2026-07-24T06:30:13Z,0.5,34.69,35.19,2026-07-22T08:11:53Z,11.12,SYNTHETIC_HISTORICAL_PORT_CALL
PC-2026-0125,9000005,419000005,INGGV,Gangavaram,Panamax,82500,Bauxite,66300.0,2026-08-26T07:16:43Z,2026-08-27T09:17:19Z,2026-08-29T13:47:19Z,26.01,52.5,78.51,2026-08-26T03:04:32Z,4.2,SYNTHETIC_HISTORICAL_PORT_CALL
PC-2026-0126,9000006,419000006,INVTZ,Visakhapatnam,Supramax,58328,Coking Coal,54200.0,2026-05-09T11:16:17Z,2026-05-09T12:45:41Z,2026-05-12T06:44:29Z,1.49,65.98,67.47,2026-05-09T14:20:45Z,-3.07,SYNTHETIC_HISTORICAL_PORT_CALL
PC-2026-0127,9000007,419000007,INHAL,Haldia,Supramax,58328,Thermal Coal,46100.0,2026-06-03T01:53:05Z,2026-06-06T15:25:29Z,2026-06-08T20:04:29Z,85.54,52.65,138.19,2026-06-03T03:25:20Z,-1.54,SYNTHETIC_HISTORICAL_PORT_CALL
PC-2026-0128,9000000,419000000,INGGV,Gangavaram,Panamax,82500,Bauxite,78900.0,2026-04-10T20:53:31Z,2026-04-10T21:23:31Z,2026-04-13T13:20:31Z,0.5,63.95,64.45,2026-04-10T17:34:23Z,3.32,SYNTHETIC_HISTORICAL_PORT_CALL
PC-2026-0129,9000001,419000001,INGGV,Gangavaram,Supramax,58328,Limestone,55300.0,2026-05-25T21:14:38Z,2026-05-26T11:15:50Z,2026-05-28T09:47:38Z,14.02,46.53,60.55,2026-05-25T23:51:07Z,-2.61,SYNTHETIC_HISTORICAL_PORT_CALL
PC-2026-0130,9000002,419000002,INGPR,Gopalpur,Supramax,58328,Fertilizer,50900.0,2026-04-16T22:08:10Z,2026-04-16T22:38:10Z,2026-04-18T18:20:46Z,0.5,43.71,44.21,2026-04-17T00:23:05Z,-2.25,SYNTHETIC_HISTORICAL_PORT_CALL
PC-2026-0131,9000003,419000003,INGPR,Gopalpur,Capesize,180000,Bauxite,156400.0,2026-08-01T12:12:49Z,2026-08-02T00:13:25Z,2026-08-07T01:06:49Z,12.01,120.89,132.9,2026-08-01T07:30:48Z,4.7,SYNTHETIC_HISTORICAL_PORT_CALL
PC-2026-0132,9000004,419000004,INDHM,Dhamra,Capesize,180000,Thermal Coal,145200.0,2026-08-06T21:40:53Z,2026-08-07T14:42:05Z,2026-08-15T19:12:05Z,17.02,196.5,213.52,2026-08-06T23:06:54Z,-1.43,SYNTHETIC_HISTORICAL_PORT_CALL
PC-2026-0133,9000005,419000005,INDHM,Dhamra,Supramax,58328,Bauxite,53100.0,2026-07-04T22:04:36Z,2026-07-04T22:40:36Z,2026-07-07T23:38:12Z,0.6,72.96,73.56,2026-07-05T01:59:39Z,-3.92,SYNTHETIC_HISTORICAL_PORT_CALL
PC-2026-0134,9000006,419000006,INGGV,Gangavaram,Capesize,180000,Fertilizer,169500.0,2026-08-12T06:35:22Z,2026-08-12T18:30:34Z,2026-08-19T13:58:46Z,11.92,163.47,175.39,2026-08-12T10:29:14Z,-3.9,SYNTHETIC_HISTORICAL_PORT_CALL
PC-2026-0135,9000007,419000007,INDHM,Dhamra,Panamax,82500,Iron Ore,69000.0,2026-08-25T06:43:27Z,2026-08-25T07:32:03Z,2026-08-29T21:57:15Z,0.81,110.42,111.23,2026-08-25T06:11:26Z,0.53,SYNTHETIC_HISTORICAL_PORT_CALL
PC-2026-0136,9000000,419000000,INHAL,Haldia,Panamax,82500,Thermal Coal,63800.0,2026-08-21T22:07:31Z,2026-08-24T03:21:55Z,2026-08-26T03:18:55Z,53.24,47.95,101.19,2026-08-21T15:07:09Z,7.01,SYNTHETIC_HISTORICAL_PORT_CALL
PC-2026-0137,9000001,419000001,INVTZ,Visakhapatnam,Handysize,38200,Iron Ore,33800.0,2026-03-31T09:45:04Z,2026-03-31T10:15:04Z,2026-04-01T23:49:16Z,0.5,37.57,38.07,2026-03-30T23:48:23Z,9.94,SYNTHETIC_HISTORICAL_PORT_CALL
PC-2026-0138,9000002,419000002,INHAL,Haldia,Capesize,180000,Limestone,150900.0,2026-07-14T00:29:45Z,2026-07-14T23:14:09Z,2026-07-24T07:38:09Z,22.74,224.4,247.14,2026-07-13T15:21:06Z,9.14,SYNTHETIC_HISTORICAL_PORT_CALL
PC-2026-0139,9000003,419000003,INHAL,Haldia,Supramax,58328,Iron Ore,47400.0,2026-04-16T08:50:16Z,2026-04-16T18:23:52Z,2026-04-18T00:36:28Z,9.56,30.21,39.77,2026-04-16T10:13:11Z,-1.38,SYNTHETIC_HISTORICAL_PORT_CALL
PC-2026-0140,9000004,419000004,INHAL,Haldia,Capesize,180000,Bauxite,144500.0,2026-04-23T17:58:39Z,2026-04-25T07:19:39Z,2026-05-03T07:28:39Z,37.35,192.15,229.5,2026-04-23T08:05:19Z,9.89,SYNTHETIC_HISTORICAL_PORT_CALL
PC-2026-0141,9000005,419000005,INSAG,Sagar-Sandheads,Handysize,38200,Limestone,34300.0,2026-07-11T05:05:12Z,2026-07-11T10:47:48Z,2026-07-13T03:21:24Z,5.71,40.56,46.27,2026-07-11T05:24:26Z,-0.32,SYNTHETIC_HISTORICAL_PORT_CALL
PC-2026-0142,9000006,419000006,INDHM,Dhamra,Supramax,58328,Thermal Coal,50100.0,2026-06-26T18:12:02Z,2026-06-26T22:40:14Z,2026-06-28T22:32:26Z,4.47,47.87,52.34,2026-06-26T19:39:09Z,-1.45,SYNTHETIC_HISTORICAL_PORT_CALL
PC-2026-0143,9000007,419000007,INPRD,Paradip,Capesize,180000,Bauxite,157000.0,2026-07-19T08:53:54Z,2026-07-19T17:21:30Z,2026-07-29T22:46:06Z,8.46,245.41,253.87,2026-07-18T22:18:32Z,10.59,SYNTHETIC_HISTORICAL_PORT_CALL
PC-2026-0144,9000000,419000000,INVTZ,Visakhapatnam,Supramax,58328,Limestone,51900.0,2026-07-22T22:02:27Z,2026-07-23T04:36:39Z,2026-07-25T23:51:39Z,6.57,67.25,73.82,2026-07-22T17:06:23Z,4.93,SYNTHETIC_HISTORICAL_PORT_CALL
PC-2026-0145,9000001,419000001,INPRD,Paradip,Handysize,38200,Fertilizer,32500.0,2026-06-14T14:06:59Z,2026-06-14T20:48:23Z,2026-06-15T20:56:11Z,6.69,24.13,30.82,2026-06-14T07:13:44Z,6.89,SYNTHETIC_HISTORICAL_PORT_CALL
PC-2026-0146,9000002,419000002,INVTZ,Visakhapatnam,Panamax,82500,Fertilizer,80000.0,2026-04-22T23:58:56Z,2026-04-23T12:25:56Z,2026-04-25T20:48:08Z,12.45,56.37,68.82,2026-04-22T16:23:37Z,7.59,SYNTHETIC_HISTORICAL_PORT_CALL
PC-2026-0147,9000003,419000003,INGGV,Gangavaram,Handysize,38200,Thermal Coal,33000.0,2026-04-14T02:38:04Z,2026-04-14T03:12:52Z,2026-04-15T11:44:04Z,0.58,32.52,33.1,2026-04-14T06:28:41Z,-3.84,SYNTHETIC_HISTORICAL_PORT_CALL
PC-2026-0148,9000004,419000004,INGPR,Gopalpur,Capesize,180000,Coking Coal,136400.0,2026-06-05T11:55:34Z,2026-06-05T14:20:46Z,2026-06-14T03:14:10Z,2.42,204.89,207.31,2026-06-05T09:34:32Z,2.35,SYNTHETIC_HISTORICAL_PORT_CALL
PC-2026-0149,9000005,419000005,INVTZ,Visakhapatnam,Panamax,82500,Coking Coal,62700.0,2026-07-03T19:29:19Z,2026-07-04T10:38:55Z,2026-07-06T18:14:55Z,15.16,55.6,70.76,2026-07-03T13:37:22Z,5.87,SYNTHETIC_HISTORICAL_PORT_CALL
PC-2026-0150,9000006,419000006,INHAL,Haldia,Handysize,38200,Thermal Coal,34100.0,2026-07-06T22:08:29Z,2026-07-08T13:53:29Z,2026-07-09T21:13:17Z,39.75,31.33,71.08,2026-07-06T16:20:43Z,5.8,SYNTHETIC_HISTORICAL_PORT_CALL
